state_code,state_name,year,population
AN,Andaman & Nicobar Islands,2001,54078953
AN,Andaman & Nicobar Islands,2002,57187108
AN,Andaman & Nicobar Islands,2003,63142297
AN,Andaman & Nicobar Islands,2004,64509023
AN,Andaman & Nicobar Islands,2005,66668131
AN,Andaman & Nicobar Islands,2006,62839951
AN,Andaman & Nicobar Islands,2007,66442186
AN,Andaman & Nicobar Islands,2008,68046952
AN,Andaman & Nicobar Islands,2009,72180229
AN,Andaman & Nicobar Islands,2010,72201444
AN,Andaman & Nicobar Islands,2011,74939296
AN,Andaman & Nicobar Islands,2012,76645530
AN,Andaman & Nicobar Islands,2013,78297089
AN,Andaman & Nicobar Islands,2014,80039411
AN,Andaman & Nicobar Islands,2015,82591938
AN,Andaman & Nicobar Islands,2016,86461233
AN,Andaman & Nicobar Islands,2017,88011422
AN,Andaman & Nicobar Islands,2018,88682184
AN,Andaman & Nicobar Islands,2019,95491555
AN,Andaman & Nicobar Islands,2020,90600975
AN,Andaman & Nicobar Islands,2021,95335369
AN,Andaman & Nicobar Islands,2022,99226093
AN,Andaman & Nicobar Islands,2023,103947958
AN,Andaman & Nicobar Islands,2024,116065926
AP,Andhra Pradesh,2001,33682234
AP,Andhra Pradesh,2002,37759051
AP,Andhra Pradesh,2003,34773192
AP,Andhra Pradesh,2004,37586980
AP,Andhra Pradesh,2005,38398384
AP,Andhra Pradesh,2006,35434646
AP,Andhra Pradesh,2007,36251985
AP,Andhra Pradesh,2008,37492962
AP,Andhra Pradesh,2009,39069481
AP,Andhra Pradesh,2010,39681901
AP,Andhra Pradesh,2011,39974772
AP,Andhra Pradesh,2012,40543617
AP,Andhra Pradesh,2013,40606274
AP,Andhra Pradesh,2014,41841610
AP,Andhra Pradesh,2015,40961529
AP,Andhra Pradesh,2016,44922705
AP,Andhra Pradesh,2017,42586167
AP,Andhra Pradesh,2018,45503304
AP,Andhra Pradesh,2019,43859829
AP,Andhra Pradesh,2020,46043585
AP,Andhra Pradesh,2021,47018302
AP,Andhra Pradesh,2022,44174990
AP,Andhra Pradesh,2023,53647641
AP,Andhra Pradesh,2024,52327723
AR,Arunachal Pradesh,2001,141452889
AR,Arunachal Pradesh,2002,137532127
AR,Arunachal Pradesh,2003,162126448
AR,Arunachal Pradesh,2004,162725061
AR,Arunachal Pradesh,2005,169078442
AR,Arunachal Pradesh,2006,167420750
AR,Arunachal Pradesh,2007,170484436
AR,Arunachal Pradesh,2008,175887161
AR,Arunachal Pradesh,2009,175946211
AR,Arunachal Pradesh,2010,183502445
AR,Arunachal Pradesh,2011,187902813
AR,Arunachal Pradesh,2012,193107484
AR,Arunachal Pradesh,2013,195365045
AR,Arunachal Pradesh,2014,207058916
AR,Arunachal Pradesh,2015,202067927
AR,Arunachal Pradesh,2016,224881003
AR,Arunachal Pradesh,2017,227375091
AR,Arunachal Pradesh,2018,217057549
AR,Arunachal Pradesh,2019,214955255
AR,Arunachal Pradesh,2020,252010723
AR,Arunachal Pradesh,2021,254943518
AR,Arunachal Pradesh,2022,264087172
AR,Arunachal Pradesh,2023,275076888
AR,Arunachal Pradesh,2024,237936196
AS,Assam,2001,64459266
AS,Assam,2002,68001000
AS,Assam,2003,71671289
AS,Assam,2004,74418807
AS,Assam,2005,71856310
AS,Assam,2006,71732489
AS,Assam,2007,69456397
AS,Assam,2008,70401792
AS,Assam,2009,70142351
AS,Assam,2010,71516368
AS,Assam,2011,71725222
AS,Assam,2012,72280445
AS,Assam,2013,72977479
AS,Assam,2014,72741659
AS,Assam,2015,74311580
AS,Assam,2016,72935417
AS,Assam,2017,73433526
AS,Assam,2018,72749086
AS,Assam,2019,68345297
AS,Assam,2020,68955511
AS,Assam,2021,67607204
AS,Assam,2022,76774972
AS,Assam,2023,71521665
AS,Assam,2024,75201675
BR,Bihar,2001,171511646
BR,Bihar,2002,162187583
BR,Bihar,2003,178561554
BR,Bihar,2004,182770118
BR,Bihar,2005,177992901
BR,Bihar,2006,180881050
BR,Bihar,2007,170302229
BR,Bihar,2008,174287711
BR,Bihar,2009,177889566
BR,Bihar,2010,178851600
BR,Bihar,2011,181517916
BR,Bihar,2012,181737583
BR,Bihar,2013,187125894
BR,Bihar,2014,186056292
BR,Bihar,2015,191616611
BR,Bihar,2016,195932536
BR,Bihar,2017,185739152
BR,Bihar,2018,181111459
BR,Bihar,2019,184497800
BR,Bihar,2020,191594313
BR,Bihar,2021,208261839
BR,Bihar,2022,213109390
BR,Bihar,2023,176396441
BR,Bihar,2024,200535208
CH,Chandigarh,2001,84299953
CH,Chandigarh,2002,80987502
CH,Chandigarh,2003,73829965
CH,Chandigarh,2004,81705835
CH,Chandigarh,2005,80069578
CH,Chandigarh,2006,79174137
CH,Chandigarh,2007,82209421
CH,Chandigarh,2008,79604475
CH,Chandigarh,2009,80915750
CH,Chandigarh,2010,83369694
CH,Chandigarh,2011,83511330
CH,Chandigarh,2012,83735207
CH,Chandigarh,2013,83905976
CH,Chandigarh,2014,82861876
CH,Chandigarh,2015,86508658
CH,Chandigarh,2016,86353911
CH,Chandigarh,2017,82361918
CH,Chandigarh,2018,84827347
CH,Chandigarh,2019,93947844
CH,Chandigarh,2020,84610895
CH,Chandigarh,2021,83145548
CH,Chandigarh,2022,89633532
CH,Chandigarh,2023,101484441
CH,Chandigarh,2024,85159335
CT,Chhattisgarh,2001,112917985
CT,Chhattisgarh,2002,105398548
CT,Chhattisgarh,2003,114562580
CT,Chhattisgarh,2004,112721267
CT,Chhattisgarh,2005,115578509
CT,Chhattisgarh,2006,119664307
CT,Chhattisgarh,2007,126843224
CT,Chhattisgarh,2008,123194585
CT,Chhattisgarh,2009,129409537
CT,Chhattisgarh,2010,132250920
CT,Chhattisgarh,2011,134443502
CT,Chhattisgarh,2012,137759746
CT,Chhattisgarh,2013,141635787
CT,Chhattisgarh,2014,139829912
CT,Chhattisgarh,2015,147297691
CT,Chhattisgarh,2016,146538791
CT,Chhattisgarh,2017,156600868
CT,Chhattisgarh,2018,150591595
CT,Chhattisgarh,2019,165950208
CT,Chhattisgarh,2020,161501261
CT,Chhattisgarh,2021,183477315
CT,Chhattisgarh,2022,159398695
CT,Chhattisgarh,2023,169845908
CT,Chhattisgarh,2024,163401116
DN,Dadra & Nagar Haveli and Daman & Diu,2001,149534779
DN,Dadra & Nagar Haveli and Daman & Diu,2002,142339072
DN,Dadra & Nagar Haveli and Daman & Diu,2003,143008647
DN,Dadra & Nagar Haveli and Daman & Diu,2004,153034084
DN,Dadra & Nagar Haveli and Daman & Diu,2005,157700946
DN,Dadra & Nagar Haveli and Daman & Diu,2006,166561116
DN,Dadra & Nagar Haveli and Daman & Diu,2007,172081679
DN,Dadra & Nagar Haveli and Daman & Diu,2008,167163651
DN,Dadra & Nagar Haveli and Daman & Diu,2009,172870019
DN,Dadra & Nagar Haveli and Daman & Diu,2010,179733417
DN,Dadra & Nagar Haveli and Daman & Diu,2011,184942488
DN,Dadra & Nagar Haveli and Daman & Diu,2012,189252457
DN,Dadra & Nagar Haveli and Daman & Diu,2013,196525372
DN,Dadra & Nagar Haveli and Daman & Diu,2014,204610958
DN,Dadra & Nagar Haveli and Daman & Diu,2015,211457386
DN,Dadra & Nagar Haveli and Daman & Diu,2016,216402358
DN,Dadra & Nagar Haveli and Daman & Diu,2017,219753675
DN,Dadra & Nagar Haveli and Daman & Diu,2018,209546322
DN,Dadra & Nagar Haveli and Daman & Diu,2019,215930662
DN,Dadra & Nagar Haveli and Daman & Diu,2020,250508466
DN,Dadra & Nagar Haveli and Daman & Diu,2021,244829245
DN,Dadra & Nagar Haveli and Daman & Diu,2022,221430418
DN,Dadra & Nagar Haveli and Daman & Diu,2023,230037967
DN,Dadra & Nagar Haveli and Daman & Diu,2024,270192934
DL,Delhi,2001,1002395
DL,Delhi,2002,982740
DL,Delhi,2003,997555
DL,Delhi,2004,1067210
DL,Delhi,2005,1006070
DL,Delhi,2006,1064354
DL,Delhi,2007,1056422
DL,Delhi,2008,1031581
DL,Delhi,2009,1045652
DL,Delhi,2010,1049668
DL,Delhi,2011,1062063
DL,Delhi,2012,1068638
DL,Delhi,2013,1055060
DL,Delhi,2014,1069020
DL,Delhi,2015,1062608
DL,Delhi,2016,1060492
DL,Delhi,2017,1156402
DL,Delhi,2018,1082195
DL,Delhi,2019,1174566
DL,Delhi,2020,1135404
DL,Delhi,2021,1181574
DL,Delhi,2022,1120449
DL,Delhi,2023,1146048
DL,Delhi,2024,1128446
GA,Goa,2001,32931324
GA,Goa,2002,35059898
GA,Goa,2003,32186631
GA,Goa,2004,35167720
GA,Goa,2005,32644379
GA,Goa,2006,33595531
GA,Goa,2007,34733855
GA,Goa,2008,36934486
GA,Goa,2009,38168628
GA,Goa,2010,37941487
GA,Goa,2011,39088835
GA,Goa,2012,40300849
GA,Goa,2013,41545552
GA,Goa,2014,42556088
GA,Goa,2015,41908023
GA,Goa,2016,43025282
GA,Goa,2017,46320772
GA,Goa,2018,44291768
GA,Goa,2019,44055298
GA,Goa,2020,47885700
GA,Goa,2021,52734781
GA,Goa,2022,51615918
GA,Goa,2023,51397419
GA,Goa,2024,46602988
GJ,Gujarat,2001,98476138
GJ,Gujarat,2002,94228944
GJ,Gujarat,2003,91815017
GJ,Gujarat,2004,97009616
GJ,Gujarat,2005,100868941
GJ,Gujarat,2006,104207226
GJ,Gujarat,2007,110631816
GJ,Gujarat,2008,114045424
GJ,Gujarat,2009,114644142
GJ,Gujarat,2010,118756862
GJ,Gujarat,2011,123020694
GJ,Gujarat,2012,127691351
GJ,Gujarat,2013,130494526
GJ,Gujarat,2014,134323107
GJ,Gujarat,2015,141533615
GJ,Gujarat,2016,144494375
GJ,Gujarat,2017,150123439
GJ,Gujarat,2018,157171482
GJ,Gujarat,2019,165153882
GJ,Gujarat,2020,155618860
GJ,Gujarat,2021,160910508
GJ,Gujarat,2022,155589484
GJ,Gujarat,2023,178005216
GJ,Gujarat,2024,159995303
HR,Haryana,2001,82664106
HR,Haryana,2002,79262382
HR,Haryana,2003,88168156
HR,Haryana,2004,88691095
HR,Haryana,2005,81394733
HR,Haryana,2006,87113016
HR,Haryana,2007,89931127
HR,Haryana,2008,88624996
HR,Haryana,2009,89235283
HR,Haryana,2010,92169715
HR,Haryana,2011,93146323
HR,Haryana,2012,93890217
HR,Haryana,2013,94513658
HR,Haryana,2014,97950961
HR,Haryana,2015,99679704
HR,Haryana,2016,102351961
HR,Haryana,2017,105393217
HR,Haryana,2018,111325295
HR,Haryana,2019,106263675
HR,Haryana,2020,104385813
HR,Haryana,2021,115998540
HR,Haryana,2022,105856128
HR,Haryana,2023,111444838
HR,Haryana,2024,103110722
HP,Himachal Pradesh,2001,3607934
HP,Himachal Pradesh,2002,3828538
HP,Himachal Pradesh,2003,4134410
HP,Himachal Pradesh,2004,4385223
HP,Himachal Pradesh,2005,4492093
HP,Himachal Pradesh,2006,4549048
HP,Himachal Pradesh,2007,4550462
HP,Himachal Pradesh,2008,4641495
HP,Himachal Pradesh,2009,4805576
HP,Himachal Pradesh,2010,4996574
HP,Himachal Pradesh,2011,5118881
HP,Himachal Pradesh,2012,5291066
HP,Himachal Pradesh,2013,5430268
HP,Himachal Pradesh,2014,5611706
HP,Himachal Pradesh,2015,5700539
HP,Himachal Pradesh,2016,5758679
HP,Himachal Pradesh,2017,5971128
HP,Himachal Pradesh,2018,6470320
HP,Himachal Pradesh,2019,5958527
HP,Himachal Pradesh,2020,6182665
HP,Himachal Pradesh,2021,6227633
HP,Himachal Pradesh,2022,6343715
HP,Himachal Pradesh,2023,7824112
HP,Himachal Pradesh,2024,7802256
JK,Jammu & Kashmir,2001,92275444
JK,Jammu & Kashmir,2002,92832713
JK,Jammu & Kashmir,2003,97638585
JK,Jammu & Kashmir,2004,93797475
JK,Jammu & Kashmir,2005,94347521
JK,Jammu & Kashmir,2006,92408766
JK,Jammu & Kashmir,2007,92751974
JK,Jammu & Kashmir,2008,96635588
JK,Jammu & Kashmir,2009,94780045
JK,Jammu & Kashmir,2010,94346658
JK,Jammu & Kashmir,2011,94861057
JK,Jammu & Kashmir,2012,95815816
JK,Jammu & Kashmir,2013,96023590
JK,Jammu & Kashmir,2014,93781969
JK,Jammu & Kashmir,2015,92733955
JK,Jammu & Kashmir,2016,97636072
JK,Jammu & Kashmir,2017,91201933
JK,Jammu & Kashmir,2018,97992559
JK,Jammu & Kashmir,2019,104144910
JK,Jammu & Kashmir,2020,98723716
JK,Jammu & Kashmir,2021,95525675
JK,Jammu & Kashmir,2022,101092666
JK,Jammu & Kashmir,2023,97279456
JK,Jammu & Kashmir,2024,99716681
JH,Jharkhand,2001,153251561
JH,Jharkhand,2002,157989069
JH,Jharkhand,2003,180213795
JH,Jharkhand,2004,184426919
JH,Jharkhand,2005,184280955
JH,Jharkhand,2006,186473006
JH,Jharkhand,2007,185703422
JH,Jharkhand,2008,179941174
JH,Jharkhand,2009,187168619
JH,Jharkhand,2010,186808409
JH,Jharkhand,2011,188295888
JH,Jharkhand,2012,188681616
JH,Jharkhand,2013,195086652
JH,Jharkhand,2014,192403995
JH,Jharkhand,2015,191285875
JH,Jharkhand,2016,203366112
JH,Jharkhand,2017,204872975
JH,Jharkhand,2018,215008413
JH,Jharkhand,2019,214270929
JH,Jharkhand,2020,220412962
JH,Jharkhand,2021,202348739
JH,Jharkhand,2022,199202284
JH,Jharkhand,2023,229413191
JH,Jharkhand,2024,236596111
KA,Karnataka,2001,179660604
KA,Karnataka,2002,168855678
KA,Karnataka,2003,184114682
KA,Karnataka,2004,171287789
KA,Karnataka,2005,176378162
KA,Karnataka,2006,187595027
KA,Karnataka,2007,184896099
KA,Karnataka,2008,188071815
KA,Karnataka,2009,196353614
KA,Karnataka,2010,194135396
KA,Karnataka,2011,198101503
KA,Karnataka,2012,201847142
KA,Karnataka,2013,201595245
KA,Karnataka,2014,210405640
KA,Karnataka,2015,206277970
KA,Karnataka,2016,200685528
KA,Karnataka,2017,223733239
KA,Karnataka,2018,204005651
KA,Karnataka,2019,212425738
KA,Karnataka,2020,239647573
KA,Karnataka,2021,244797314
KA,Karnataka,2022,230454797
KA,Karnataka,2023,236896532
KA,Karnataka,2024,229399627
KL,Kerala,2001,51409923
KL,Kerala,2002,51361024
KL,Kerala,2003,51805629
KL,Kerala,2004,52632762
KL,Kerala,2005,58088074
KL,Kerala,2006,55899228
KL,Kerala,2007,58440774
KL,Kerala,2008,56808163
KL,Kerala,2009,57670757
KL,Kerala,2010,57661837
KL,Kerala,2011,58677493
KL,Kerala,2012,58806659
KL,Kerala,2013,58997106
KL,Kerala,2014,61374136
KL,Kerala,2015,61599698
KL,Kerala,2016,59231846
KL,Kerala,2017,59222500
KL,Kerala,2018,64621257
KL,Kerala,2019,59297722
KL,Kerala,2020,67866878
KL,Kerala,2021,67419561
KL,Kerala,2022,59644391
KL,Kerala,2023,59783039
KL,Kerala,2024,75512532
LA,Ladakh,2001,63035573
LA,Ladakh,2002,62625286
LA,Ladakh,2003,63494837
LA,Ladakh,2004,66924092
LA,Ladakh,2005,71116239
LA,Ladakh,2006,73849746
LA,Ladakh,2007,70095591
LA,Ladakh,2008,72191487
LA,Ladakh,2009,73467548
LA,Ladakh,2010,73471389
LA,Ladakh,2011,74885445
LA,Ladakh,2012,75707071
LA,Ladakh,2013,75087223
LA,Ladakh,2014,77267466
LA,Ladakh,2015,75560284
LA,Ladakh,2016,76203484
LA,Ladakh,2017,76458052
LA,Ladakh,2018,82598716
LA,Ladakh,2019,85051978
LA,Ladakh,2020,83957421
LA,Ladakh,2021,91610072
LA,Ladakh,2022,82297189
LA,Ladakh,2023,81262342
LA,Ladakh,2024,95025974
LD,Lakshadweep,2001,37028240
LD,Lakshadweep,2002,31914386
LD,Lakshadweep,2003,38272532
LD,Lakshadweep,2004,34772952
LD,Lakshadweep,2005,37604276
LD,Lakshadweep,2006,37008619
LD,Lakshadweep,2007,41289097
LD,Lakshadweep,2008,40963029
LD,Lakshadweep,2009,41518274
LD,Lakshadweep,2010,43481432
LD,Lakshadweep,2011,44757987
LD,Lakshadweep,2012,46226571
LD,Lakshadweep,2013,47298374
LD,Lakshadweep,2014,49114798
LD,Lakshadweep,2015,50489653
LD,Lakshadweep,2016,53653303
LD,Lakshadweep,2017,50347153
LD,Lakshadweep,2018,53027553
LD,Lakshadweep,2019,60274146
LD,Lakshadweep,2020,61909286
LD,Lakshadweep,2021,58998796
LD,Lakshadweep,2022,62820680
LD,Lakshadweep,2023,59804072
LD,Lakshadweep,2024,59892450
MP,Madhya Pradesh,2001,82112951
MP,Madhya Pradesh,2002,90986312
MP,Madhya Pradesh,2003,79120398
MP,Madhya Pradesh,2004,80579043
MP,Madhya Pradesh,2005,85057962
MP,Madhya Pradesh,2006,87688535
MP,Madhya Pradesh,2007,90288751
MP,Madhya Pradesh,2008,88223962
MP,Madhya Pradesh,2009,90170072
MP,Madhya Pradesh,2010,92410447
MP,Madhya Pradesh,2011,92766496
MP,Madhya Pradesh,2012,94348286
MP,Madhya Pradesh,2013,96437930
MP,Madhya Pradesh,2014,97036882
MP,Madhya Pradesh,2015,97634666
MP,Madhya Pradesh,2016,97000188
MP,Madhya Pradesh,2017,104013235
MP,Madhya Pradesh,2018,105049065
MP,Madhya Pradesh,2019,93889260
MP,Madhya Pradesh,2020,93712443
MP,Madhya Pradesh,2021,100590235
MP,Madhya Pradesh,2022,111438876
MP,Madhya Pradesh,2023,118130272
MP,Madhya Pradesh,2024,97214205
MH,Maharashtra,2001,96710389
MH,Maharashtra,2002,100977139
MH,Maharashtra,2003,102883157
MH,Maharashtra,2004,110237095
MH,Maharashtra,2005,112143052
MH,Maharashtra,2006,114832687
MH,Maharashtra,2007,117639903
MH,Maharashtra,2008,112413939
MH,Maharashtra,2009,114751833
MH,Maharashtra,2010,116354008
MH,Maharashtra,2011,118846436
MH,Maharashtra,2012,120336219
MH,Maharashtra,2013,122874784
MH,Maharashtra,2014,126240285
MH,Maharashtra,2015,127847807
MH,Maharashtra,2016,122682475
MH,Maharashtra,2017,126486209
MH,Maharashtra,2018,122222784
MH,Maharashtra,2019,139803038
MH,Maharashtra,2020,134150905
MH,Maharashtra,2021,126172342
MH,Maharashtra,2022,139783894
MH,Maharashtra,2023,140074329
MH,Maharashtra,2024,132824015
MN,Manipur,2001,18566744
MN,Manipur,2002,18126556
MN,Manipur,2003,19338242
MN,Manipur,2004,18859707
MN,Manipur,2005,20066215
MN,Manipur,2006,20473212
MN,Manipur,2007,20401439
MN,Manipur,2008,21556191
MN,Manipur,2009,22183083
MN,Manipur,2010,22514421
MN,Manipur,2011,22755840
MN,Manipur,2012,23269061
MN,Manipur,2013,23871892
MN,Manipur,2014,23753571
MN,Manipur,2015,23950558
MN,Manipur,2016,23968531
MN,Manipur,2017,25201467
MN,Manipur,2018,26490318
MN,Manipur,2019,26245089
MN,Manipur,2020,26931730
MN,Manipur,2021,30060565
MN,Manipur,2022,27425267
MN,Manipur,2023,29005216
MN,Manipur,2024,31697090
ML,Meghalaya,2001,61431785
ML,Meghalaya,2002,62067855
ML,Meghalaya,2003,72343696
ML,Meghalaya,2004,65753197
ML,Meghalaya,2005,71073292
ML,Meghalaya,2006,74073851
ML,Meghalaya,2007,73919345
ML,Meghalaya,2008,72974695
ML,Meghalaya,2009,76480446
ML,Meghalaya,2010,78147939
ML,Meghalaya,2011,79338729
ML,Meghalaya,2012,80407066
ML,Meghalaya,2013,80962266
ML,Meghalaya,2014,82044261
ML,Meghalaya,2015,82960982
ML,Meghalaya,2016,84090202
ML,Meghalaya,2017,84942254
ML,Meghalaya,2018,92065009
ML,Meghalaya,2019,87490284
ML,Meghalaya,2020,91179435
ML,Meghalaya,2021,103155156
ML,Meghalaya,2022,96688839
ML,Meghalaya,2023,103030577
ML,Meghalaya,2024,92776921
MZ,Mizoram,2001,40638247
MZ,Mizoram,2002,39625651
MZ,Mizoram,2003,40148738
MZ,Mizoram,2004,40438517
MZ,Mizoram,2005,40000840
MZ,Mizoram,2006,38413291
MZ,Mizoram,2007,39222227
MZ,Mizoram,2008,38670621
MZ,Mizoram,2009,38398718
MZ,Mizoram,2010,38305361
MZ,Mizoram,2011,38498189
MZ,Mizoram,2012,38775925
MZ,Mizoram,2013,38790099
MZ,Mizoram,2014,37679573
MZ,Mizoram,2015,39855137
MZ,Mizoram,2016,40390626
MZ,Mizoram,2017,36786279
MZ,Mizoram,2018,37634446
MZ,Mizoram,2019,40821007
MZ,Mizoram,2020,40697257
MZ,Mizoram,2021,36585293
MZ,Mizoram,2022,36599648
MZ,Mizoram,2023,37872529
MZ,Mizoram,2024,38959416
NL,Nagaland,2001,111604872
NL,Nagaland,2002,107190524
NL,Nagaland,2003,121902486
NL,Nagaland,2004,118502543
NL,Nagaland,2005,112878154
NL,Nagaland,2006,112578179
NL,Nagaland,2007,118234122
NL,Nagaland,2008,119425424
NL,Nagaland,2009,122879678
NL,Nagaland,2010,122443687
NL,Nagaland,2011,123670041
NL,Nagaland,2012,124401774
NL,Nagaland,2013,125271096
NL,Nagaland,2014,126893188
NL,Nagaland,2015,124398246
NL,Nagaland,2016,128383485
NL,Nagaland,2017,127652460
NL,Nagaland,2018,130416933
NL,Nagaland,2019,127137659
NL,Nagaland,2020,146340318
NL,Nagaland,2021,140636658
NL,Nagaland,2022,145124521
NL,Nagaland,2023,151130283
NL,Nagaland,2024,142636928
OD,Odisha,2001,14603343
OD,Odisha,2002,14453544
OD,Odisha,2003,15503512
OD,Odisha,2004,16408245
OD,Odisha,2005,16246178
OD,Odisha,2006,16309461
OD,Odisha,2007,16163659
OD,Odisha,2008,16544365
OD,Odisha,2009,16977342
OD,Odisha,2010,16990614
OD,Odisha,2011,17429711
OD,Odisha,2012,17618958
OD,Odisha,2013,17714933
OD,Odisha,2014,17913633
OD,Odisha,2015,18211696
OD,Odisha,2016,18257834
OD,Odisha,2017,18484909
OD,Odisha,2018,18923361
OD,Odisha,2019,18811282
OD,Odisha,2020,21586138
OD,Odisha,2021,18822608
OD,Odisha,2022,20890914
OD,Odisha,2023,20672637
OD,Odisha,2024,24259916
PY,Puducherry,2001,18181032
PY,Puducherry,2002,18912462
PY,Puducherry,2003,19423640
PY,Puducherry,2004,21368264
PY,Puducherry,2005,21744324
PY,Puducherry,2006,20809819
PY,Puducherry,2007,20699839
PY,Puducherry,2008,21594290
PY,Puducherry,2009,21863726
PY,Puducherry,2010,22284261
PY,Puducherry,2011,22452178
PY,Puducherry,2012,22579629
PY,Puducherry,2013,22831378
PY,Puducherry,2014,23163050
PY,Puducherry,2015,23557617
PY,Puducherry,2016,23224143
PY,Puducherry,2017,23028405
PY,Puducherry,2018,24772398
PY,Puducherry,2019,23874654
PY,Puducherry,2020,25345760
PY,Puducherry,2021,23605769
PY,Puducherry,2022,25477651
PY,Puducherry,2023,26088493
PY,Puducherry,2024,23335321
PB,Punjab,2001,70603101
PB,Punjab,2002,59521103
PB,Punjab,2003,67096202
PB,Punjab,2004,62722294
PB,Punjab,2005,67708616
PB,Punjab,2006,64831800
PB,Punjab,2007,64921852
PB,Punjab,2008,66166866
PB,Punjab,2009,66889814
PB,Punjab,2010,67201527
PB,Punjab,2011,67354025
PB,Punjab,2012,68204236
PB,Punjab,2013,68795601
PB,Punjab,2014,70084194
PB,Punjab,2015,66420909
PB,Punjab,2016,70317847
PB,Punjab,2017,72694872
PB,Punjab,2018,66257133
PB,Punjab,2019,64895306
PB,Punjab,2020,72915816
PB,Punjab,2021,71167040
PB,Punjab,2022,75859031
PB,Punjab,2023,64834432
PB,Punjab,2024,76593803
RJ,Rajasthan,2001,41101265
RJ,Rajasthan,2002,36514973
RJ,Rajasthan,2003,37808424
RJ,Rajasthan,2004,38879855
RJ,Rajasthan,2005,39863768
RJ,Rajasthan,2006,37943137
RJ,Rajasthan,2007,39923032
RJ,Rajasthan,2008,39034103
RJ,Rajasthan,2009,40068937
RJ,Rajasthan,2010,40266786
RJ,Rajasthan,2011,40365382
RJ,Rajasthan,2012,40403214
RJ,Rajasthan,2013,41165464
RJ,Rajasthan,2014,40969503
RJ,Rajasthan,2015,40293408
RJ,Rajasthan,2016,43037242
RJ,Rajasthan,2017,40996123
RJ,Rajasthan,2018,42027374
RJ,Rajasthan,2019,44773269
RJ,Rajasthan,2020,43132537
RJ,Rajasthan,2021,39268041
RJ,Rajasthan,2022,46885955
RJ,Rajasthan,2023,44132921
RJ,Rajasthan,2024,41217257
SK,Sikkim,2001,21535275
SK,Sikkim,2002,22438565
SK,Sikkim,2003,21734105
SK,Sikkim,2004,22746068
SK,Sikkim,2005,25235520
SK,Sikkim,2006,25260745
SK,Sikkim,2007,25895536
SK,Sikkim,2008,25627055
SK,Sikkim,2009,27106146
SK,Sikkim,2010,27211223
SK,Sikkim,2011,27897450
SK,Sikkim,2012,28772205
SK,Sikkim,2013,29062217
SK,Sikkim,2014,30506136
SK,Sikkim,2015,29730105
SK,Sikkim,2016,32458677
SK,Sikkim,2017,30752250
SK,Sikkim,2018,32435914
SK,Sikkim,2019,35275659
SK,Sikkim,2020,32415878
SK,Sikkim,2021,33479047
SK,Sikkim,2022,37907388
SK,Sikkim,2023,38958714
SK,Sikkim,2024,39266416
TN,Tamil Nadu,2001,124030626
TN,Tamil Nadu,2002,123357404
TN,Tamil Nadu,2003,128271749
TN,Tamil Nadu,2004,117210766
TN,Tamil Nadu,2005,124751996
TN,Tamil Nadu,2006,129293177
TN,Tamil Nadu,2007,130511264
TN,Tamil Nadu,2008,128808484
TN,Tamil Nadu,2009,136245627
TN,Tamil Nadu,2010,136349831
TN,Tamil Nadu,2011,138804991
TN,Tamil Nadu,2012,141374385
TN,Tamil Nadu,2013,140655541
TN,Tamil Nadu,2014,148920336
TN,Tamil Nadu,2015,153169361
TN,Tamil Nadu,2016,151445815
TN,Tamil Nadu,2017,156514533
TN,Tamil Nadu,2018,164693456
TN,Tamil Nadu,2019,163176995
TN,Tamil Nadu,2020,150908414
TN,Tamil Nadu,2021,165600465
TN,Tamil Nadu,2022,169661223
TN,Tamil Nadu,2023,165495993
TN,Tamil Nadu,2024,181885653
TS,Telangana,2001,143471242
TS,Telangana,2002,156326158
TS,Telangana,2003,139242316
TS,Telangana,2004,147336167
TS,Telangana,2005,165687280
TS,Telangana,2006,156448331
TS,Telangana,2007,162748438
TS,Telangana,2008,171946569
TS,Telangana,2009,176288639
TS,Telangana,2010,182185923
TS,Telangana,2011,186876684
TS,Telangana,2012,191449743
TS,Telangana,2013,199732365
TS,Telangana,2014,197069254
TS,Telangana,2015,205824092
TS,Telangana,2016,212188243
TS,Telangana,2017,221217162
TS,Telangana,2018,239637680
TS,Telangana,2019,227147825
TS,Telangana,2020,232781835
TS,Telangana,2021,257352011
TS,Telangana,2022,250007297
TS,Telangana,2023,243381300
TS,Telangana,2024,263607903
TR,Tripura,2001,26772607
TR,Tripura,2002,27299284
TR,Tripura,2003,25326590
TR,Tripura,2004,27717867
TR,Tripura,2005,27073439
TR,Tripura,2006,27120863
TR,Tripura,2007,28721810
TR,Tripura,2008,27501853
TR,Tripura,2009,28279234
TR,Tripura,2010,27810743
TR,Tripura,2011,28214361
TR,Tripura,2012,28315484
TR,Tripura,2013,28045250
TR,Tripura,2014,29523129
TR,Tripura,2015,28821349
TR,Tripura,2016,29244710
TR,Tripura,2017,27649174
TR,Tripura,2018,30310637
TR,Tripura,2019,28099389
TR,Tripura,2020,31763630
TR,Tripura,2021,28043960
TR,Tripura,2022,27937942
TR,Tripura,2023,26896796
TR,Tripura,2024,30000507
UP,Uttar Pradesh,2001,104873993
UP,Uttar Pradesh,2002,111940860
UP,Uttar Pradesh,2003,110791583
UP,Uttar Pradesh,2004,112369859
UP,Uttar Pradesh,2005,112999123
UP,Uttar Pradesh,2006,111219289
UP,Uttar Pradesh,2007,115243073
UP,Uttar Pradesh,2008,114491285
UP,Uttar Pradesh,2009,110937778
UP,Uttar Pradesh,2010,111772384
UP,Uttar Pradesh,2011,112989984
UP,Uttar Pradesh,2012,112694646
UP,Uttar Pradesh,2013,114088929
UP,Uttar Pradesh,2014,113039461
UP,Uttar Pradesh,2015,109628943
UP,Uttar Pradesh,2016,110245574
UP,Uttar Pradesh,2017,117322339
UP,Uttar Pradesh,2018,117126535
UP,Uttar Pradesh,2019,106397202
UP,Uttar Pradesh,2020,109391959
UP,Uttar Pradesh,2021,109198634
UP,Uttar Pradesh,2022,119897725
UP,Uttar Pradesh,2023,103062264
UP,Uttar Pradesh,2024,104560203
UK,Uttarakhand,2001,147137953
UK,Uttarakhand,2002,159820538
UK,Uttarakhand,2003,163432220
UK,Uttarakhand,2004,159747290
UK,Uttarakhand,2005,150898545
UK,Uttarakhand,2006,150380036
UK,Uttarakhand,2007,152562196
UK,Uttarakhand,2008,158419680
UK,Uttarakhand,2009,157239626
UK,Uttarakhand,2010,160080300
UK,Uttarakhand,2011,159993221
UK,Uttarakhand,2012,162118420
UK,Uttarakhand,2013,158593596
UK,Uttarakhand,2014,158589332
UK,Uttarakhand,2015,159682462
UK,Uttarakhand,2016,156729902
UK,Uttarakhand,2017,159021378
UK,Uttarakhand,2018,168019510
UK,Uttarakhand,2019,164902260
UK,Uttarakhand,2020,180051157
UK,Uttarakhand,2021,179738640
UK,Uttarakhand,2022,163894773
UK,Uttarakhand,2023,161042349
UK,Uttarakhand,2024,166239152
WB,West Bengal,2001,106341864
WB,West Bengal,2002,111660226
WB,West Bengal,2003,109839816
WB,West Bengal,2004,112636549
WB,West Bengal,2005,115332216
WB,West Bengal,2006,108529102
WB,West Bengal,2007,111994886
WB,West Bengal,2008,117780939
WB,West Bengal,2009,114522402
WB,West Bengal,2010,117166682
WB,West Bengal,2011,118079473
WB,West Bengal,2012,119737193
WB,West Bengal,2013,119630472
WB,West Bengal,2014,117545838
WB,West Bengal,2015,119700938
WB,West Bengal,2016,123412836
WB,West Bengal,2017,125874449
WB,West Bengal,2018,120749697
WB,West Bengal,2019,118864881
WB,West Bengal,2020,134700562
WB,West Bengal,2021,140766714
WB,West Bengal,2022,129680071
WB,West Bengal,2023,120187232
WB,West Bengal,2024,123547256
